"Data Source","World Development Indicators",

"Last Updated Date","2019-03-21",

"Country Name","Country Code","Indicator Name","Indicator Code","1960","1961","1962","1963","1964","1965","1966","1967","1968","1969","1970","1971","1972","1973","1974","1975","1976","1977","1978","1979","1980","1981","1982","1983","1984","1985","1986","1987","1988","1989","1990","1991","1992","1993","1994","1995","1996","1997","1998","1999","2000","2001","2002","2003","2004","2005","2006","2007","2008","2009","2010","2011","2012","2013","2014","2015","2016","2017","2018",
"Aruba","ABW","PM2.5 pollution, population exposed to levels exceeding WHO Interim Target-1 value (% of total)","EN.ATM.PM25.MC.T1.ZS","","","","","","","","","","","","","","","","","","","","","","","","","","","","","","","","","","","","","","","","","","","","","","","","","","","","","","","","","","","",
"Afghanistan","AFG","PM2.5 pollution, population exposed to levels exceeding WHO Interim Target-1 value (% of total)","EN.ATM.PM25.MC.T1.ZS","","","","","","","","","","","","","","","","","","","","","","","","","","","","","","","99.9189564","","","","","99.9083203","","","","","99.9385702","","","","","90.040904","","","","","97.8948629","98.0530744","96.5701335","96.6929871","97.2153857","99.9397898","99.9390675","","",
"Angola","AGO","PM2.5 pollution, population exposed to levels exceeding WHO Interim Target-1 value (% of total)","EN.ATM.PM25.MC.T1.ZS","","","","","","","","","","","","","","","","","","","","","","","","","","","","","","","74.3165062","","","","","72.2175071","","","","","81.870107","","","","","63.2250865","","","","","37.9427407","41.5806691","52.1454033","50.1251934","55.5842864","53.3649249","55.2862872","","",
"Albania","ALB","PM2.5 pollution, population exposed to levels exceeding WHO Interim Target-1 value (% of total)","EN.ATM.PM25.MC.T1.ZS","","","","","","","","","","","","","","","","","","","","","","","","","","","","","","","0","","","","","0","","","","","0","","","","","0","","","","","0","0","0","0","0","0","0","","",
"Andorra","AND","PM2.5 pollution, population exposed to levels exceeding WHO Interim Target-1 value (% of total)","EN.ATM.PM25.MC.T1.ZS","","","","","","","","","","","","","","","","","","","","","","","","","","","","","","","0","","","","","0","","","","","0","","","","","0","","","","","0","0","0","0","0","0","0","","",
"Arab World","ARB","PM2.5 pollution, population exposed to levels exceeding WHO Interim Target-1 value (% of total)","EN.ATM.PM25.MC.T1.ZS","","","","","","","","","","","","","","","","","","","","","","","","","","","","","","","","","","","","","","","","","","","","","","","","","","","","","","","","","","","",
"United Arab Emirates","ARE","PM2.5 pollution, population exposed to levels exceeding WHO Interim Target-1 value (% of total)","EN.ATM.PM25.MC.T1.ZS","","","","","","","","","","","","","","","","","","","","","","","","","","","","","","","100","","","","","100","","","","","100","","","","","100","","","","","100","100","100","100","100","100","100","","",
"Argentina","ARG","PM2.5 pollution, population exposed to levels exceeding WHO Interim Target-1 value (% of total)","EN.ATM.PM25.MC.T1.ZS","","","","","","","","","","","","","","","","","","","","","","","","","","","","","","","0.00322","","","","","0.00331","","","","","0.0166872","","","","","0.016113","","","","","0","0","0","0","0","0","0","","",
"Armenia","ARM","PM2.5 pollution, population exposed to levels exceeding WHO Interim Target-1 value (% of total)","EN.ATM.PM25.MC.T1.ZS","","","","","","","","","","","","","","","","","","","","","","","","","","","","","","","0.1930371","","","","","0","","","","","0","","","","","0.2127643","","","","","22.9808585","23.0075518","10.6529977","23.0598576","23.0853607","23.1103548","23.1348169","","",
"American Samoa","ASM","PM2.5 pollution, population exposed to levels exceeding WHO Interim Target-1 value (% of total)","EN.ATM.PM25.MC.T1.ZS","","","","","","","","","","","","","","","","","","","","","","","","","","","","","","","0","","","","","0","","","","","0","","","","","0","","","","","0","0","0","0","0","0","0","","",
"Antigua and Barbuda","ATG","PM2.5 pollution, population exposed to levels exceeding WHO Interim Target-1 value (% of total)","EN.ATM.PM25.MC.T1.ZS","","","","","","","","","","","","","","","","","","","","","","","","","","","","","","","0","","","","","0","","","","","0","","","","","0","","","","","0","0","0","0","0","0","0","","",
"Australia","AUS","PM2.5 pollution, population exposed to levels exceeding WHO Interim Target-1 value (% of total)","EN.ATM.PM25.MC.T1.ZS","","","","","","","","","","","","","","","","","","","","","","","","","","","","","","","0","","","","","0","","","","","0","","","","","0","","","","","0","0","0","0","0","0","0","","",
"Austria","AUT","PM2.5 pollution, population exposed to levels exceeding WHO Interim Target-1 value (% of total)","EN.ATM.PM25.MC.T1.ZS","","","","","","","","","","","","","","","","","","","","","","","","","","","","","","","0","","","","","0","","","","","0","","","","","0","","","","","0","0","0","0","0","0","0","","",
"Azerbaijan","AZE","PM2.5 pollution, population exposed to levels exceeding WHO Interim Target-1 value (% of total)","EN.ATM.PM25.MC.T1.ZS","","","","","","","","","","","","","","","","","","","","","","","","","","","","","","","13.4287012","","","","","0.2924865","","","","","0.300049","","","","","0.2999074","","","","","2.676071","1.4046725","0.3821336","8.5206649","29.9454404","67.9011541","68.6358051","","",
"Burundi","BDI","PM2.5 pollution, population exposed to levels exceeding WHO Interim Target-1 value (% of total)","EN.ATM.PM25.MC.T1.ZS","","","","","","","","","","","","","","","","","","","","","","","","","","","","","","","99.6841176","","","","","99.6387136","","","","","99.9914338","","","","","99.0294196","","","","","98.8707472","99.7062532","99.9995017","99.999487","99.9994718","99.9862689","99.9858618","","",
"Belgium","BEL","PM2.5 pollution, population exposed to levels exceeding WHO Interim Target-1 value (% of total)","EN.ATM.PM25.MC.T1.ZS","","","","","","","","","","","","","","","","","","","","","","","","","","","","","","","0","","","","","0","","","","","0","","","","","0","","","","","0","0","0","0","0","0","0","","",
"Benin","BEN","PM2.5 pollution, population exposed to levels exceeding WHO Interim Target-1 value (% of total)","EN.ATM.PM25.MC.T1.ZS","","","","","","","","","","","","","","","","","","","","","","","","","","","","","","","100","","","","","100","","","","","100","","","","","100","","","","","100","100","100","100","98.8618543","100","100","","",
"Burkina Faso","BFA","PM2.5 pollution, population exposed to levels exceeding WHO Interim Target-1 value (% of total)","EN.ATM.PM25.MC.T1.ZS","","","","","","","","","","","","","","","","","","","","","","","","","","","","","","","100","","","","","100","","","","","100","","","","","100","","","","","100","100","99.9701642","99.9401817","99.9168407","100","100","","",
"Bangladesh","BGD","PM2.5 pollution, population exposed to levels exceeding WHO Interim Target-1 value (% of total)","EN.ATM.PM25.MC.T1.ZS","","","","","","","","","","","","","","","","","","","","","","","","","","","","","","","99.6261873","","","","","99.6493867","","","","","99.6697609","","","","","99.9692314","","","","","99.992014","99.9813845","99.9849349","99.9941132","99.9918852","99.998111","99.9980936","","",
"Bulgaria","BGR","PM2.5 pollution, population exposed to levels exceeding WHO Interim Target-1 value (% of total)","EN.ATM.PM25.MC.T1.ZS","","","","","","","","","","","","","","","","","","","","","","","","","","","","","","","97.0193265","","","","","64.3614595","","","","","23.971004","","","","","0.8998227","","","","","8.4811975","9.1118547","3.7373767","9.0336063","11.9298533","4.8524691","4.2823456","","",
"Bahrain","BHR","PM2.5 pollution, population exposed to levels exceeding WHO Interim Target-1 value (% of total)","EN.ATM.PM25.MC.T1.ZS","","","","","","","","","","","","","","","","","","","","","","","","","","","","","","","100","","","","","100","","","","","100","","","","","100","","","","","100","100","100","100","100","100","100","","",
"Bahamas, The","BHS","PM2.5 pollution, population exposed to levels exceeding WHO Interim Target-1 value (% of total)","EN.ATM.PM25.MC.T1.ZS","","","","","","","","","","","","","","","","","","","","","","","","","","","","","","","0","","","","","0","","","","","0","","","","","0","","","","","0","0","0","0","0","0","0","","",
"Bosnia and Herzegovina","BIH","PM2.5 pollution, population exposed to levels exceeding WHO Interim Target-1 value (% of total)","EN.ATM.PM25.MC.T1.ZS","","","","","","","","","","","","","","","","","","","","","","","","","","","","","","","99.2493045","","","","","92.4866779","","","","","77.020954","","","","","70.2895392","","","","","77.8623263","74.4021696","79.4379517","95.6038859","98.5414362","84.351268","82.1896495","","",
"Belarus","BLR","PM2.5 pollution, population exposed to levels exceeding WHO Interim Target-1 value (% of total)","EN.ATM.PM25.MC.T1.ZS","","","","","","","","","","","","","","","","","","","","","","","","","","","","","","","87.6440141","","","","","0","","","","","0","","","","","0","","","","","0","0","0","0","0","0","0","","",
"Belize","BLZ","PM2.5 pollution, population exposed to levels exceeding WHO Interim Target-1 value (% of total)","EN.ATM.PM25.MC.T1.ZS","","","","","","","","","","","","","","","","","","","","","","","","","","","","","","","9.3219069","","","","","5.4197264","","","","","14.3396045","","","","","2.0463482","","","","","0","0","1.0679185","0.5168892","3.6589015","0","0","","",
"Bermuda","BMU","PM2.5 pollution, population exposed to levels exceeding WHO Interim Target-1 value (% of total)","EN.ATM.PM25.MC.T1.ZS","","","","","","","","","","","","","","","","","","","","","","","","","","","","","","","0","","","","","0","","","","","0","","","","","0","","","","","0","0","0","0","0","0","0","","",
"Bolivia","BOL","PM2.5 pollution, population exposed to levels exceeding WHO Interim Target-1 value (% of total)","EN.ATM.PM25.MC.T1.ZS","","","","","","","","","","","","","","","","","","","","","","","","","","","","","","","22.2670902","","","","","25.0921154","","","","","29.5192259","","","","","76.1625767","","","","","23.937257","28.6116635","16.596415","17.1171712","19.1341718","13.5092886","13.6388491","","",
"Brazil","BRA","PM2.5 pollution, population exposed to levels exceeding WHO Interim Target-1 value (% of total)","EN.ATM.PM25.MC.T1.ZS","","","","","","","","","","","","","","","","","","","","","","","","","","","","","","","0.0901717","","","","","0.1055146","","","","","0.0518524","","","","","0.6022531","","","","","0","0.000352","0","0","0","0","0","","",
"Barbados","BRB","PM2.5 pollution, population exposed to levels exceeding WHO Interim Target-1 value (% of total)","EN.ATM.PM25.MC.T1.ZS","","","","","","","","","","","","","","","","","","","","","","","","","","","","","","","0","","","","","0","","","","","0","","","","","0","","","","","0","0","0","0","0","0","0","","",
"Brunei Darussalam","BRN","PM2.5 pollution, population exposed to levels exceeding WHO Interim Target-1 value (% of total)","EN.ATM.PM25.MC.T1.ZS","","","","","","","","","","","","","","","","","","","","","","","","","","","","","","","0","","","","","0","","","","","0","","","","","0","","","","","0","0","0","0","0","0","0","","",
"Bhutan","BTN","PM2.5 pollution, population exposed to levels exceeding WHO Interim Target-1 value (% of total)","EN.ATM.PM25.MC.T1.ZS","","","","","","","","","","","","","","","","","","","","","","","","","","","","","","","66.8319026","","","","","66.8500804","","","","","59.6762243","","","","","86.6675464","","","","","84.401432","81.606275","82.2695015","86.0563376","86.4279907","88.7701017","89.368466","","",
"Botswana","BWA","PM2.5 pollution, population exposed to levels exceeding WHO Interim Target-1 value (% of total)","EN.ATM.PM25.MC.T1.ZS","","","","","","","","","","","","","","","","","","","","","","","","","","","","","","","0","","","","","0","","","","","0","","","","","0.9486989","","","","","0","0","0","0","0","1.2326275","1.2339976","","",
"Central African Republic","CAF","PM2.5 pollution, population exposed to levels exceeding WHO Interim Target-1 value (% of total)","EN.ATM.PM25.MC.T1.ZS","","","","","","","","","","","","","","","","","","","","","","","","","","","","","","","99.9424189","","","","","99.9153296","","","","","99.8873773","","","","","97.1305878","","","","","95.8954506","97.3097587","98.8489811","97.5138472","96.4803518","100","100","","",
"Canada","CAN","PM2.5 pollution, population exposed to levels exceeding WHO Interim Target-1 value (% of total)","EN.ATM.PM25.MC.T1.ZS","","","","","","","","","","","","","","","","","","","","","","","","","","","","","","","0","","","","","0","","","","","0","","","","","0","","","","","0","0","0","0","0","0","0","","",
"Central Europe and the Baltics","CEB","PM2.5 pollution, population exposed to levels exceeding WHO Interim Target-1 value (% of total)","EN.ATM.PM25.MC.T1.ZS","","","","","","","","","","","","","","","","","","","","","","","","","","","","","","","","","","","","","","","","","","","","","","","","","","","","","","","","","","","",
"Switzerland","CHE","PM2.5 pollution, population exposed to levels exceeding WHO Interim Target-1 value (% of total)","EN.ATM.PM25.MC.T1.ZS","","","","","","","","","","","","","","","","","","","","","","","","","","","","","","","0","","","","","0","","","","","0","","","","","0","","","","","0","0","0","0","0","0","0","","",
"Channel Islands","CHI","PM2.5 pollution, population exposed to levels exceeding WHO Interim Target-1 value (% of total)","EN.ATM.PM25.MC.T1.ZS","","","","","","","","","","","","","","","","","","","","","","","","","","","","","","","","","","","","","","","","","","","","","","","","","","","","","","","","","","","",
"Chile","CHL","PM2.5 pollution, population exposed to levels exceeding WHO Interim Target-1 value (% of total)","EN.ATM.PM25.MC.T1.ZS","","","","","","","","","","","","","","","","","","","","","","","","","","","","","","","2.1892428","","","","","3.7123974","","","","","6.5780904","","","","","9.0210603","","","","","0","0","5.1241576","0","0","4.7828259","4.6694446","","",
"China","CHN","PM2.5 pollution, population exposed to levels exceeding WHO Interim Target-1 value (% of total)","EN.ATM.PM25.MC.T1.ZS","","","","","","","","","","","","","","","","","","","","","","","","","","","","","","","91.3581675","","","","","91.381062","","","","","92.5136781","","","","","95.1486863","","","","","95.153734","94.2414686","94.7282722","94.6656407","95.3580091","93.3063998","93.2016058","","",
"Cote d'Ivoire","CIV","PM2.5 pollution, population exposed to levels exceeding WHO Interim Target-1 value (% of total)","EN.ATM.PM25.MC.T1.ZS","","","","","","","","","","","","","","","","","","","","","","","","","","","","","","","56.8753511","","","","","53.8991793","","","","","50.0605906","","","","","15.0659698","","","","","32.145107","57.2469892","82.5812787","26.5300045","9.6692435","99.7939911","99.9393575","","",
"Cameroon","CMR","PM2.5 pollution, population exposed to levels exceeding WHO Interim Target-1 value (% of total)","EN.ATM.PM25.MC.T1.ZS","","","","","","","","","","","","","","","","","","","","","","","","","","","","","","","100","","","","","100","","","","","100","","","","","99.7392628","","","","","99.8367683","99.9153716","99.8558868","99.9164108","99.7941118","100","100","","",
"Congo, Dem. Rep.","COD","PM2.5 pollution, population exposed to levels exceeding WHO Interim Target-1 value (% of total)","EN.ATM.PM25.MC.T1.ZS","","","","","","","","","","","","","","","","","","","","","","","","","","","","","","","96.7097698","","","","","97.2418543","","","","","97.4716495","","","","","92.4945977","","","","","87.8001351","92.9298091","94.9899768","95.4062031","95.6778806","99.5217576","99.521271","","",
"Congo, Rep.","COG","PM2.5 pollution, population exposed to levels exceeding WHO Interim Target-1 value (% of total)","EN.ATM.PM25.MC.T1.ZS","","","","","","","","","","","","","","","","","","","","","","","","","","","","","","","98.9882085","","","","","98.9945709","","","","","99.676123","","","","","96.3952222","","","","","89.5678628","92.9450752","94.1947539","95.0668151","97.5313037","98.7497864","98.7351749","","",
"Colombia","COL","PM2.5 pollution, population exposed to levels exceeding WHO Interim Target-1 value (% of total)","EN.ATM.PM25.MC.T1.ZS","","","","","","","","","","","","","","","","","","","","","","","","","","","","","","","0.00582","","","","","0","","","","","0","","","","","0.0177917","","","","","0","0","0","0","0","0","0","","",
"Comoros","COM","PM2.5 pollution, population exposed to levels exceeding WHO Interim Target-1 value (% of total)","EN.ATM.PM25.MC.T1.ZS","","","","","","","","","","","","","","","","","","","","","","","","","","","","","","","0","","","","","0","","","","","0","","","","","0","","","","","0","0","0","0","0","0","0","","",
"Cabo Verde","CPV","PM2.5 pollution, population exposed to levels exceeding WHO Interim Target-1 value (% of total)","EN.ATM.PM25.MC.T1.ZS","","","","","","","","","","","","","","","","","","","","","","","","","","","","","","","100","","","","","100","","","","","100","","","","","53.3096427","","","","","51.4064908","98.8443658","100","100","99.8584367","100","100","","",
"Costa Rica","CRI","PM2.5 pollution, population exposed to levels exceeding WHO Interim Target-1 value (% of total)","EN.ATM.PM25.MC.T1.ZS","","","","","","","","","","","","","","","","","","","","","","","","","","","","","","","0","","","","","0","","","","","0","","","","","0","","","","","0","0","0","0","0","0","0","","",
"Caribbean small states","CSS","PM2.5 pollution, population exposed to levels exceeding WHO Interim Target-1 value (% of total)","EN.ATM.PM25.MC.T1.ZS","","","","","","","","","","","","","","","","","","","","","","","","","","","","","","","","","","","","","","","","","","","","","","","","","","","","","","","","","","","",
"Cuba","CUB","PM2.5 pollution, population exposed to levels exceeding WHO Interim Target-1 value (% of total)","EN.ATM.PM25.MC.T1.ZS","","","","","","","","","","","","","","","","","","","","","","","","","","","","","","","0","","","","","0","","","","","0","","","","","0","","","","","0","0","0","0","0","0","0","","",
"Curacao","CUW","PM2.5 pollution, population exposed to levels exceeding WHO Interim Target-1 value (% of total)","EN.ATM.PM25.MC.T1.ZS","","","","","","","","","","","","","","","","","","","","","","","","","","","","","","","","","","","","","","","","","","","","","","","","","","","","","","","","","","","",
"Cayman Islands","CYM","PM2.5 pollution, population exposed to levels exceeding WHO Interim Target-1 value (% of total)","EN.ATM.PM25.MC.T1.ZS","","","","","","","","","","","","","","","","","","","","","","","","","","","","","","","","","","","","","","","","","","","","","","","","","","","","","","","","","","","",
"Cyprus","CYP","PM2.5 pollution, population exposed to levels exceeding WHO Interim Target-1 value (% of total)","EN.ATM.PM25.MC.T1.ZS","","","","","","","","","","","","","","","","","","","","","","","","","","","","","","","0","","","","","0","","","","","0","","","","","0","","","","","0","0","0","0","0","0","0","","",
"Czech Republic","CZE","PM2.5 pollution, population exposed to levels exceeding WHO Interim Target-1 value (% of total)","EN.ATM.PM25.MC.T1.ZS","","","","","","","","","","","","","","","","","","","","","","","","","","","","","","","84.3155138","","","","","5.7784372","","","","","0.9516361","","","","","0","","","","","0.8790283","0","0","0","0","0","0","","",
"Germany","DEU","PM2.5 pollution, population exposed to levels exceeding WHO Interim Target-1 value (% of total)","EN.ATM.PM25.MC.T1.ZS","","","","","","","","","","","","","","","","","","","","","","","","","","","","","","","0.018026","","","","","0","","","","","0","","","","","0","","","","","0","0","0","0","0","0","0","","",
"Djibouti","DJI","PM2.5 pollution, population exposed to levels exceeding WHO Interim Target-1 value (% of total)","EN.ATM.PM25.MC.T1.ZS","","","","","","","","","","","","","","","","","","","","","","","","","","","","","","","99.710203","","","","","99.7238042","","","","","100","","","","","89.0437392","","","","","98.2370657","99.7982515","100","100","100","100","100","","",
"Dominica","DMA","PM2.5 pollution, population exposed to levels exceeding WHO Interim Target-1 value (% of total)","EN.ATM.PM25.MC.T1.ZS","","","","","","","","","","","","","","","","","","","","","","","","","","","","","","","0","","","","","0","","","","","0","","","","","0","","","","","0","0","0","0","0","0","0","","",
"Denmark","DNK","PM2.5 pollution, population exposed to levels exceeding WHO Interim Target-1 value (% of total)","EN.ATM.PM25.MC.T1.ZS","","","","","","","","","","","","","","","","","","","","","","","","","","","","","","","0","","","","","0","","","","","0","","","","","0","","","","","0","0","0","0","0","0","0","","",
"Dominican Republic","DOM","PM2.5 pollution, population exposed to levels exceeding WHO Interim Target-1 value (% of total)","EN.ATM.PM25.MC.T1.ZS","","","","","","","","","","","","","","","","","","","","","","","","","","","","","","","0","","","","","0","","","","","35.4329082","","","","","0","","","","","0","0","0","0","0","0","0","","",
"Algeria","DZA","PM2.5 pollution, population exposed to levels exceeding WHO Interim Target-1 value (% of total)","EN.ATM.PM25.MC.T1.ZS","","","","","","","","","","","","","","","","","","","","","","","","","","","","","","","45.5441832","","","","","42.3333437","","","","","38.7970788","","","","","16.4820257","","","","","12.0537002","13.3355055","16.7851401","26.2445958","36.0664818","43.962648","44.4525055","","",
"East Asia & Pacific (excluding high income)","EAP","PM2.5 pollution, population exposed to levels exceeding WHO Interim Target-1 value (% of total)","EN.ATM.PM25.MC.T1.ZS","","","","","","","","","","","","","","","","","","","","","","","","","","","","","","","","","","","","","","","","","","","","","","","","","","","","","","","","","","","",
"Early-demographic dividend","EAR","PM2.5 pollution, population exposed to levels exceeding WHO Interim Target-1 value (% of total)","EN.ATM.PM25.MC.T1.ZS","","","","","","","","","","","","","","","","","","","","","","","","","","","","","","","","","","","","","","","","","","","","","","","","","","","","","","","","","","","",
"East Asia & Pacific","EAS","PM2.5 pollution, population exposed to levels exceeding WHO Interim Target-1 value (% of total)","EN.ATM.PM25.MC.T1.ZS","","","","","","","","","","","","","","","","","","","","","","","","","","","","","","","","","","","","","","","","","","","","","","","","","","","","","","","","","","","",
"Europe & Central Asia (excluding high income)","ECA","PM2.5 pollution, population exposed to levels exceeding WHO Interim Target-1 value (% of total)","EN.ATM.PM25.MC.T1.ZS","","","","","","","","","","","","","","","","","","","","","","","","","","","","","","","","","","","","","","","","","","","","","","","","","","","","","","","","","","","",
"Europe & Central Asia","ECS","PM2.5 pollution, population exposed to levels exceeding WHO Interim Target-1 value (% of total)","EN.ATM.PM25.MC.T1.ZS","","","","","","","","","","","","","","","","","","","","","","","","","","","","","","","","","","","","","","","","","","","","","","","","","","","","","","","","","","","",
"Ecuador","ECU","PM2.5 pollution, population exposed to levels exceeding WHO Interim Target-1 value (% of total)","EN.ATM.PM25.MC.T1.ZS","","","","","","","","","","","","","","","","","","","","","","","","","","","","","","","0","","","","","0","","","","","0","","","","","0","","","","","0","0","0","0","0","0","0","","",
"Egypt, Arab Rep.","EGY","PM2.5 pollution, population exposed to levels exceeding WHO Interim Target-1 value (% of total)","EN.ATM.PM25.MC.T1.ZS","","","","","","","","","","","","","","","","","","","","","","","","","","","","","","","99.9972637","","","","","99.9969717","","","","","99.9999863","","","","","99.9999865","","","","","99.9999867","99.9999868","99.9999869","99.9999869","99.999987","99.9999871","99.9999872","","",
"Euro area","EMU","PM2.5 pollution, population exposed to levels exceeding WHO Interim Target-1 value (% of total)","EN.ATM.PM25.MC.T1.ZS","","","","","","","","","","","","","","","","","","","","","","","","","","","","","","","","","","","","","","","","","","","","","","","","","","","","","","","","","","","",
"Eritrea","ERI","PM2.5 pollution, population exposed to levels exceeding WHO Interim Target-1 value (% of total)","EN.ATM.PM25.MC.T1.ZS","","","","","","","","","","","","","","","","","","","","","","","","","","","","","","","100","","","","","100","","","","","100","","","","","99.9619025","","","","","100","100","100","100","100","100","100","","",
"Spain","ESP","PM2.5 pollution, population exposed to levels exceeding WHO Interim Target-1 value (% of total)","EN.ATM.PM25.MC.T1.ZS","","","","","","","","","","","","","","","","","","","","","","","","","","","","","","","0","","","","","0","","","","","0","","","","","0","","","","","0","0","0","0","0","0","0","","",
"Estonia","EST","PM2.5 pollution, population exposed to levels exceeding WHO Interim Target-1 value (% of total)","EN.ATM.PM25.MC.T1.ZS","","","","","","","","","","","","","","","","","","","","","","","","","","","","","","","0","","","","","0","","","","","0","","","","","0","","","","","0","0","0","0","0","0","0","","",
"Ethiopia","ETH","PM2.5 pollution, population exposed to levels exceeding WHO Interim Target-1 value (% of total)","EN.ATM.PM25.MC.T1.ZS","","","","","","","","","","","","","","","","","","","","","","","","","","","","","","","78.6658316","","","","","78.469807","","","","","75.5254174","","","","","57.6393042","","","","","67.6053695","75.589232","79.0790138","77.5286728","76.0975377","90.4163008","90.8682418","","",
"European Union","EUU","PM2.5 pollution, population exposed to levels exceeding WHO Interim Target-1 value (% of total)","EN.ATM.PM25.MC.T1.ZS","","","","","","","","","","","","","","","","","","","","","","","","","","","","","","","","","","","","","","","","","","","","","","","","","","","","","","","","","","","",
"Fragile and conflict affected situations","FCS","PM2.5 pollution, population exposed to levels exceeding WHO Interim Target-1 value (% of total)","EN.ATM.PM25.MC.T1.ZS","","","","","","","","","","","","","","","","","","","","","","","","","","","","","","","","","","","","","","","","","","","","","","","","","","","","","","","","","","","",
"Finland","FIN","PM2.5 pollution, population exposed to levels exceeding WHO Interim Target-1 value (% of total)","EN.ATM.PM25.MC.T1.ZS","","","","","","","","","","","","","","","","","","","","","","","","","","","","","","","0","","","","","0","","","","","0","","","","","0","","","","","0","0","0","0","0","0","0","","",
"Fiji","FJI","PM2.5 pollution, population exposed to levels exceeding WHO Interim Target-1 value (% of total)","EN.ATM.PM25.MC.T1.ZS","","","","","","","","","","","","","","","","","","","","","","","","","","","","","","","0","","","","","0","","","","","0","","","","","0","","","","","0","0","0","0","0","0","0","","",
"France","FRA","PM2.5 pollution, population exposed to levels exceeding WHO Interim Target-1 value (% of total)","EN.ATM.PM25.MC.T1.ZS","","","","","","","","","","","","","","","","","","","","","","","","","","","","","","","0","","","","","0","","","","","0","","","","","0","","","","","0","0","0","0","0","0","0","","",
"Faroe Islands","FRO","PM2.5 pollution, population exposed to levels exceeding WHO Interim Target-1 value (% of total)","EN.ATM.PM25.MC.T1.ZS","","","","","","","","","","","","","","","","","","","","","","","","","","","","","","","","","","","","","","","","","","","","","","","","","","","","","","","","","","","",
"Micronesia, Fed. Sts.","FSM","PM2.5 pollution, population exposed to levels exceeding WHO Interim Target-1 value (% of total)","EN.ATM.PM25.MC.T1.ZS","","","","","","","","","","","","","","","","","","","","","","","","","","","","","","","0","","","","","0","","","","","0","","","","","0","","","","","0","0","0","0","0","0","0","","",
"Gabon","GAB","PM2.5 pollution, population exposed to levels exceeding WHO Interim Target-1 value (% of total)","EN.ATM.PM25.MC.T1.ZS","","","","","","","","","","","","","","","","","","","","","","","","","","","","","","","86.4790624","","","","","85.6012393","","","","","91.8426782","","","","","48.5718275","","","","","57.7395724","62.6584943","65.671469","69.2054815","79.3612227","91.2232366","91.3279571","","",
"United Kingdom","GBR","PM2.5 pollution, population exposed to levels exceeding WHO Interim Target-1 value (% of total)","EN.ATM.PM25.MC.T1.ZS","","","","","","","","","","","","","","","","","","","","","","","","","","","","","","","0","","","","","0","","","","","0","","","","","0","","","","","0","0","0","0","0","0","0","","",
"Georgia","GEO","PM2.5 pollution, population exposed to levels exceeding WHO Interim Target-1 value (% of total)","EN.ATM.PM25.MC.T1.ZS","","","","","","","","","","","","","","","","","","","","","","","","","","","","","","","0","","","","","0","","","","","0","","","","","0","","","","","0.1343767","0.1329726","0.0403135","0.0393786","0.1289529","0.1276815","0.1264451","","",
"Ghana","GHA","PM2.5 pollution, population exposed to levels exceeding WHO Interim Target-1 value (% of total)","EN.ATM.PM25.MC.T1.ZS","","","","","","","","","","","","","","","","","","","","","","","","","","","","","","","83.6743067","","","","","80.0871158","","","","","75.9295335","","","","","20.4319108","","","","","16.4551249","30.5779339","41.5563219","14.9879088","3.3842144","100","100","","",
"Gibraltar","GIB","PM2.5 pollution, population exposed to levels exceeding WHO Interim Target-1 value (% of total)","EN.ATM.PM25.MC.T1.ZS","","","","","","","","","","","","","","","","","","","","","","","","","","","","","","","","","","","","","","","","","","","","","","","","","","","","","","","","","","","",
"Guinea","GIN","PM2.5 pollution, population exposed to levels exceeding WHO Interim Target-1 value (% of total)","EN.ATM.PM25.MC.T1.ZS","","","","","","","","","","","","","","","","","","","","","","","","","","","","","","","36.1318575","","","","","36.0156743","","","","","32.3128504","","","","","13.2744413","","","","","28.2521302","39.1497825","26.0817416","15.251485","4.5139408","99.8760898","99.8786922","","",
"Gambia, The","GMB","PM2.5 pollution, population exposed to levels exceeding WHO Interim Target-1 value (% of total)","EN.ATM.PM25.MC.T1.ZS","","","","","","","","","","","","","","","","","","","","","","","","","","","","","","","98.8316379","","","","","98.9397153","","","","","98.9341822","","","","","98.9663345","","","","","99.0071871","99.01617","99.0254868","99.0352681","99.0456126","100","100","","",
"Guinea-Bissau","GNB","PM2.5 pollution, population exposed to levels exceeding WHO Interim Target-1 value (% of total)","EN.ATM.PM25.MC.T1.ZS","","","","","","","","","","","","","","","","","","","","","","","","","","","","","","","100","","","","","100","","","","","100","","","","","40.2825649","","","","","97.8446861","98.1451846","93.8758522","86.4915374","79.5331805","100","100","","",
"Equatorial Guinea","GNQ","PM2.5 pollution, population exposed to levels exceeding WHO Interim Target-1 value (% of total)","EN.ATM.PM25.MC.T1.ZS","","","","","","","","","","","","","","","","","","","","","","","","","","","","","","","100","","","","","100","","","","","100","","","","","82.0822153","","","","","93.0447106","99.6824197","99.6792084","99.0791554","99.6393026","100","100","","",
"Greece","GRC","PM2.5 pollution, population exposed to levels exceeding WHO Interim Target-1 value (% of total)","EN.ATM.PM25.MC.T1.ZS","","","","","","","","","","","","","","","","","","","","","","","","","","","","","","","0.1372584","","","","","0.0851745","","","","","0.0326283","","","","","0","","","","","0","0","0","0.0322106","0.0321768","0","0","","",
"Grenada","GRD","PM2.5 pollution, population exposed to levels exceeding WHO Interim Target-1 value (% of total)","EN.ATM.PM25.MC.T1.ZS","","","","","","","","","","","","","","","","","","","","","","","","","","","","","","","0","","","","","0","","","","","0","","","","","0","","","","","0","0","0","0","0","0","0","","",
"Greenland","GRL","PM2.5 pollution, population exposed to levels exceeding WHO Interim Target-1 value (% of total)","EN.ATM.PM25.MC.T1.ZS","","","","","","","","","","","","","","","","","","","","","","","","","","","","","","","0","","","","","0","","","","","0","","","","","0","","","","","0","0","0","0","0","0","0","","",
"Guatemala","GTM","PM2.5 pollution, population exposed to levels exceeding WHO Interim Target-1 value (% of total)","EN.ATM.PM25.MC.T1.ZS","","","","","","","","","","","","","","","","","","","","","","","","","","","","","","","89.0098877","","","","","92.8841988","","","","","96.8530739","","","","","95.939458","","","","","10.8970646","13.8759494","62.2813514","58.285192","59.7848945","20.545539","20.3151317","","",
"Guam","GUM","PM2.5 pollution, population exposed to levels exceeding WHO Interim Target-1 value (% of total)","EN.ATM.PM25.MC.T1.ZS","","","","","","","","","","","","","","","","","","","","","","","","","","","","","","","0","","","","","0","","","","","0","","","","","0","","","","","0","0","0","0","0","0","0","","",
"Guyana","GUY","PM2.5 pollution, population exposed to levels exceeding WHO Interim Target-1 value (% of total)","EN.ATM.PM25.MC.T1.ZS","","","","","","","","","","","","","","","","","","","","","","","","","","","","","","","2.1168753","","","","","1.9707037","","","","","0","","","","","0","","","","","0","0","0","0","0","0","0","","",
"High income","HIC","PM2.5 pollution, population exposed to levels exceeding WHO Interim Target-1 value (% of total)","EN.ATM.PM25.MC.T1.ZS","","","","","","","","","","","","","","","","","","","","","","","","","","","","","","","","","","","","","","","","","","","","","","","","","","","","","","","","","","","",
"Hong Kong SAR, China","HKG","PM2.5 pollution, population exposed to levels exceeding WHO Interim Target-1 value (% of total)","EN.ATM.PM25.MC.T1.ZS","","","","","","","","","","","","","","","","","","","","","","","","","","","","","","","","","","","","","","","","","","","","","","","","","","","","","","","","","","","",
"Honduras","HND","PM2.5 pollution, population exposed to levels exceeding WHO Interim Target-1 value (% of total)","EN.ATM.PM25.MC.T1.ZS","","","","","","","","","","","","","","","","","","","","","","","","","","","","","","","70.1987036","","","","","70.5813217","","","","","79.5030381","","","","","94.623936","","","","","50.4704072","64.9354842","86.0038411","73.2436917","71.2475728","34.1783886","33.2823699","","",
"Heavily indebted poor countries (HIPC)","HPC","PM2.5 pollution, population exposed to levels exceeding WHO Interim Target-1 value (% of total)","EN.ATM.PM25.MC.T1.ZS","","","","","","","","","","","","","","","","","","","","","","","","","","","","","","","","","","","","","","","","","","","","","","","","","","","","","","","","","","","",
"Croatia","HRV","PM2.5 pollution, population exposed to levels exceeding WHO Interim Target-1 value (% of total)","EN.ATM.PM25.MC.T1.ZS","","","","","","","","","","","","","","","","","","","","","","","","","","","","","","","6.7467639","","","","","1.0080004","","","","","0.8826371","","","","","0.5653408","","","","","0.8475182","0.8500657","0.8530272","1.0036892","1.1300809","0.9050178","0.9101894","","",
"Haiti","HTI","PM2.5 pollution, population exposed to levels exceeding WHO Interim Target-1 value (% of total)","EN.ATM.PM25.MC.T1.ZS","","","","","","","","","","","","","","","","","","","","","","","","","","","","","","","39.2148002","","","","","32.9267722","","","","","33.4653002","","","","","15.8197826","","","","","0","0","0","0","0","0","0","","",
"Hungary","HUN","PM2.5 pollution, population exposed to levels exceeding WHO Interim Target-1 value (% of total)","EN.ATM.PM25.MC.T1.ZS","","","","","","","","","","","","","","","","","","","","","","","","","","","","","","","80.5718869","","","","","19.9473751","","","","","0.6381461","","","","","0","","","","","0","0","0","0","0","0","0","","",
"IBRD only","IBD","PM2.5 pollution, population exposed to levels exceeding WHO Interim Target-1 value (% of total)","EN.ATM.PM25.MC.T1.ZS","","","","","","","","","","","","","","","","","","","","","","","","","","","","","","","","","","","","","","","","","","","","","","","","","","","","","","","","","","","",
"IDA & IBRD total","IBT","PM2.5 pollution, population exposed to levels exceeding WHO Interim Target-1 value (% of total)","EN.ATM.PM25.MC.T1.ZS","","","","","","","","","","","","","","","","","","","","","","","","","","","","","","","","","","","","","","","","","","","","","","","","","","","","","","","","","","","",
"IDA total","IDA","PM2.5 pollution, population exposed to levels exceeding WHO Interim Target-1 value (% of total)","EN.ATM.PM25.MC.T1.ZS","","","","","","","","","","","","","","","","","","","","","","","","","","","","","","","","","","","","","","","","","","","","","","","","","","","","","","","","","","","",
"IDA blend","IDB","PM2.5 pollution, population exposed to levels exceeding WHO Interim Target-1 value (% of total)","EN.ATM.PM25.MC.T1.ZS","","","","","","","","","","","","","","","","","","","","","","","","","","","","","","","","","","","","","","","","","","","","","","","","","","","","","","","","","","","",
"Indonesia","IDN","PM2.5 pollution, population exposed to levels exceeding WHO Interim Target-1 value (% of total)","EN.ATM.PM25.MC.T1.ZS","","","","","","","","","","","","","","","","","","","","","","","","","","","","","","","0","","","","","0","","","","","0","","","","","0.2834465","","","","","0","0","0","0.2702031","0.2682797","0.7456416","0.98965","","",
"IDA only","IDX","PM2.5 pollution, population exposed to levels exceeding WHO Interim Target-1 value (% of total)","EN.ATM.PM25.MC.T1.ZS","","","","","","","","","","","","","","","","","","","","","","","","","","","","","","","","","","","","","","","","","","","","","","","","","","","","","","","","","","","",
"Isle of Man","IMN","PM2.5 pollution, population exposed to levels exceeding WHO Interim Target-1 value (% of total)","EN.ATM.PM25.MC.T1.ZS","","","","","","","","","","","","","","","","","","","","","","","","","","","","","","","","","","","","","","","","","","","","","","","","","","","","","","","","","","","",
"India","IND","PM2.5 pollution, population exposed to levels exceeding WHO Interim Target-1 value (% of total)","EN.ATM.PM25.MC.T1.ZS","","","","","","","","","","","","","","","","","","","","","","","","","","","","","","","86.1564654","","","","","86.5332146","","","","","87.1661276","","","","","91.8945471","","","","","85.2535513","84.6025775","87.0656386","90.2307315","92.6510622","90.3548592","90.3109599","","",
"Not classified","INX","PM2.5 pollution, population exposed to levels exceeding WHO Interim Target-1 value (% of total)","EN.ATM.PM25.MC.T1.ZS","","","","","","","","","","","","","","","","","","","","","","","","","","","","","","","","","","","","","","","","","","","","","","","","","","","","","","","","","","","",
"Ireland","IRL","PM2.5 pollution, population exposed to levels exceeding WHO Interim Target-1 value (% of total)","EN.ATM.PM25.MC.T1.ZS","","","","","","","","","","","","","","","","","","","","","","","","","","","","","","","0","","","","","0","","","","","0","","","","","0","","","","","0","0","0","0","0","0","0","","",
"Iran, Islamic Rep.","IRN","PM2.5 pollution, population exposed to levels exceeding WHO Interim Target-1 value (% of total)","EN.ATM.PM25.MC.T1.ZS","","","","","","","","","","","","","","","","","","","","","","","","","","","","","","","93.885704","","","","","91.941819","","","","","93.3294562","","","","","73.8864974","","","","","98.554905","93.2628136","90.834696","92.1761578","95.6449754","99.0459633","99.0351897","","",
"Iraq","IRQ","PM2.5 pollution, population exposed to levels exceeding WHO Interim Target-1 value (% of total)","EN.ATM.PM25.MC.T1.ZS","","","","","","","","","","","","","","","","","","","","","","","","","","","","","","","97.9136056","","","","","95.4121892","","","","","96.4572264","","","","","96.1083554","","","","","100","100","100","100","100","100","100","","",
"Iceland","ISL","PM2.5 pollution, population exposed to levels exceeding WHO Interim Target-1 value (% of total)","EN.ATM.PM25.MC.T1.ZS","","","","","","","","","","","","","","","","","","","","","","","","","","","","","","","0","","","","","0","","","","","0","","","","","0","","","","","0","0","0","0","0","0","0","","",
"Israel","ISR","PM2.5 pollution, population exposed to levels exceeding WHO Interim Target-1 value (% of total)","EN.ATM.PM25.MC.T1.ZS","","","","","","","","","","","","","","","","","","","","","","","","","","","","","","","0","","","","","0","","","","","0","","","","","0","","","","","0.0381885","0.0380907","0.0379913","0.0378898","0.5661339","0.585033","0.605034","","",
"Italy","ITA","PM2.5 pollution, population exposed to levels exceeding WHO Interim Target-1 value (% of total)","EN.ATM.PM25.MC.T1.ZS","","","","","","","","","","","","","","","","","","","","","","","","","","","","","","","0","","","","","0","","","","","0","","","","","0","","","","","0","0","0","0","0","0","0","","",
"Jamaica","JAM","PM2.5 pollution, population exposed to levels exceeding WHO Interim Target-1 value (% of total)","EN.ATM.PM25.MC.T1.ZS","","","","","","","","","","","","","","","","","","","","","","","","","","","","","","","0","","","","","0","","","","","0","","","","","0","","","","","0","0","0","0","0","0","0","","",
"Jordan","JOR","PM2.5 pollution, population exposed to levels exceeding WHO Interim Target-1 value (% of total)","EN.ATM.PM25.MC.T1.ZS","","","","","","","","","","","","","","","","","","","","","","","","","","","","","","","24.2799406","","","","","18.8921624","","","","","14.4111025","","","","","11.6222724","","","","","67.9713427","62.6361699","60.7431416","71.5813492","85.4238174","73.2368318","73.3155412","","",
"Japan","JPN","PM2.5 pollution, population exposed to levels exceeding WHO Interim Target-1 value (% of total)","EN.ATM.PM25.MC.T1.ZS","","","","","","","","","","","","","","","","","","","","","","","","","","","","","","","0","","","","","0","","","","","0","","","","","0","","","","","0","0","0","0","0","0","0","","",
"Kazakhstan","KAZ","PM2.5 pollution, population exposed to levels exceeding WHO Interim Target-1 value (% of total)","EN.ATM.PM25.MC.T1.ZS","","","","","","","","","","","","","","","","","","","","","","","","","","","","","","","9.6226176","","","","","7.2147187","","","","","8.9704944","","","","","2.6617953","","","","","5.9097849","6.7809211","8.5828981","7.338837","11.0340067","14.0408255","14.336798","","",
"Kenya","KEN","PM2.5 pollution, population exposed to levels exceeding WHO Interim Target-1 value (% of total)","EN.ATM.PM25.MC.T1.ZS","","","","","","","","","","","","","","","","","","","","","","","","","","","","","","","0.00363","","","","","0.0123363","","","","","0.0140251","","","","","0.0150628","","","","","0.0161312","0.0340538","0.0345288","0.0350087","0.0354957","0.0934163","0.0984428","","",
"Kyrgyz Republic","KGZ","PM2.5 pollution, population exposed to levels exceeding WHO Interim Target-1 value (% of total)","EN.ATM.PM25.MC.T1.ZS","","","","","","","","","","","","","","","","","","","","","","","","","","","","","","","7.0702601","","","","","3.5156145","","","","","2.3833516","","","","","1.7369853","","","","","2.1394593","2.162153","2.1850695","1.9000296","2.6623005","4.5078778","4.9193592","","",
"Cambodia","KHM","PM2.5 pollution, population exposed to levels exceeding WHO Interim Target-1 value (% of total)","EN.ATM.PM25.MC.T1.ZS","","","","","","","","","","","","","","","","","","","","","","","","","","","","","","","0","","","","","0","","","","","0","","","","","8.364479","","","","","0","0","0","9.4346431","9.5877118","0","0","","",
"Kiribati","KIR","PM2.5 pollution, population exposed to levels exceeding WHO Interim Target-1 value (% of total)","EN.ATM.PM25.MC.T1.ZS","","","","","","","","","","","","","","","","","","","","","","","","","","","","","","","0","","","","","0","","","","","0","","","","","0","","","","","0","0","0","0","0","0","0","","",
"St. Kitts and Nevis","KNA","PM2.5 pollution, population exposed to levels exceeding WHO Interim Target-1 value (% of total)","EN.ATM.PM25.MC.T1.ZS","","","","","","","","","","","","","","","","","","","","","","","","","","","","","","","","","","","","","","","","","","","","","","","","","","","","","","","","","","","",
"Korea, Rep.","KOR","PM2.5 pollution, population exposed to levels exceeding WHO Interim Target-1 value (% of total)","EN.ATM.PM25.MC.T1.ZS","","","","","","","","","","","","","","","","","","","","","","","","","","","","","","","0","","","","","0","","","","","0","","","","","0","","","","","0","0","0","0","4.6436604","13.1289053","13.2271618","","",
"Kuwait","KWT","PM2.5 pollution, population exposed to levels exceeding WHO Interim Target-1 value (% of total)","EN.ATM.PM25.MC.T1.ZS","","","","","","","","","","","","","","","","","","","","","","","","","","","","","","","100","","","","","100","","","","","100","","","","","100","","","","","100","100","100","100","100","100","100","","",
"Latin America & Caribbean (excluding high income)","LAC","PM2.5 pollution, population exposed to levels exceeding WHO Interim Target-1 value (% of total)","EN.ATM.PM25.MC.T1.ZS","","","","","","","","","","","","","","","","","","","","","","","","","","","","","","","","","","","","","","","","","","","","","","","","","","","","","","","","","","","",
"Lao PDR","LAO","PM2.5 pollution, population exposed to levels exceeding WHO Interim Target-1 value (% of total)","EN.ATM.PM25.MC.T1.ZS","","","","","","","","","","","","","","","","","","","","","","","","","","","","","","","6.2822826","","","","","8.0130584","","","","","10.0032144","","","","","47.1503509","","","","","21.5281495","36.1266374","40.8300531","54.4018274","55.0709875","10.0689416","9.0236802","","",
"Lebanon","LBN","PM2.5 pollution, population exposed to levels exceeding WHO Interim Target-1 value (% of total)","EN.ATM.PM25.MC.T1.ZS","","","","","","","","","","","","","","","","","","","","","","","","","","","","","","","0","","","","","0","","","","","0","","","","","0","","","","","0.8259432","0.2261433","0.2225655","4.6170936","48.2270925","58.3506157","58.7811624","","",
"Liberia","LBR","PM2.5 pollution, population exposed to levels exceeding WHO Interim Target-1 value (% of total)","EN.ATM.PM25.MC.T1.ZS","","","","","","","","","","","","","","","","","","","","","","","","","","","","","","","0.0872591","","","","","0.1035534","","","","","0.1611311","","","","","0","","","","","0","0","0","0","0","0.9455139","0.939628","","",
"Libya","LBY","PM2.5 pollution, population exposed to levels exceeding WHO Interim Target-1 value (% of total)","EN.ATM.PM25.MC.T1.ZS","","","","","","","","","","","","","","","","","","","","","","","","","","","","","","","99.9938874","","","","","99.9922952","","","","","99.9972697","","","","","99.9973755","","","","","99.9989746","99.9975122","99.9971579","99.9977995","99.998777","99.9972998","99.9971549","","",
"St. Lucia","LCA","PM2.5 pollution, population exposed to levels exceeding WHO Interim Target-1 value (% of total)","EN.ATM.PM25.MC.T1.ZS","","","","","","","","","","","","","","","","","","","","","","","","","","","","","","","0","","","","","0","","","","","0","","","","","0","","","","","0","0","0","0","0","0","0","","",
"Latin America & Caribbean","LCN","PM2.5 pollution, population exposed to levels exceeding WHO Interim Target-1 value (% of total)","EN.ATM.PM25.MC.T1.ZS","","","","","","","","","","","","","","","","","","","","","","","","","","","","","","","","","","","","","","","","","","","","","","","","","","","","","","","","","","","",
"Least developed countries: UN classification","LDC","PM2.5 pollution, population exposed to levels exceeding WHO Interim Target-1 value (% of total)","EN.ATM.PM25.MC.T1.ZS","","","","","","","","","","","","","","","","","","","","","","","","","","","","","","","","","","","","","","","","","","","","","","","","","","","","","","","","","","","",
"Low income","LIC","PM2.5 pollution, population exposed to levels exceeding WHO Interim Target-1 value (% of total)","EN.ATM.PM25.MC.T1.ZS","","","","","","","","","","","","","","","","","","","","","","","","","","","","","","","","","","","","","","","","","","","","","","","","","","","","","","","","","","","",
"Liechtenstein","LIE","PM2.5 pollution, population exposed to levels exceeding WHO Interim Target-1 value (% of total)","EN.ATM.PM25.MC.T1.ZS","","","","","","","","","","","","","","","","","","","","","","","","","","","","","","","","","","","","","","","","","","","","","","","","","","","","","","","","","","","",
"Sri Lanka","LKA","PM2.5 pollution, population exposed to levels exceeding WHO Interim Target-1 value (% of total)","EN.ATM.PM25.MC.T1.ZS","","","","","","","","","","","","","","","","","","","","","","","","","","","","","","","23.7846803","","","","","24.0149447","","","","","31.6720079","","","","","28.3910035","","","","","8.2763456","8.2942925","11.223811","11.3049755","11.4632624","2.8484502","2.8371172","","",
"Lower middle income","LMC","PM2.5 pollution, population exposed to levels exceeding WHO Interim Target-1 value (% of total)","EN.ATM.PM25.MC.T1.ZS","","","","","","","","","","","","","","","","","","","","","","","","","","","","","","","","","","","","","","","","","","","","","","","","","","","","","","","","","","","",
"Low & middle income","LMY","PM2.5 pollution, population exposed to levels exceeding WHO Interim Target-1 value (% of total)","EN.ATM.PM25.MC.T1.ZS","","","","","","","","","","","","","","","","","","","","","","","","","","","","","","","","","","","","","","","","","","","","","","","","","","","","","","","","","","","",
"Lesotho","LSO","PM2.5 pollution, population exposed to levels exceeding WHO Interim Target-1 value (% of total)","EN.ATM.PM25.MC.T1.ZS","","","","","","","","","","","","","","","","","","","","","","","","","","","","","","","0.3934202","","","","","0.3919599","","","","","18.0045501","","","","","13.4254446","","","","","0.1497901","0.1488633","0.1479357","0.1470075","6.9606389","17.5869507","17.6593501","","",
"Late-demographic dividend","LTE","PM2.5 pollution, population exposed to levels exceeding WHO Interim Target-1 value (% of total)","EN.ATM.PM25.MC.T1.ZS","","","","","","","","","","","","","","","","","","","","","","","","","","","","","","","","","","","","","","","","","","","","","","","","","","","","","","","","","","","",
"Lithuania","LTU","PM2.5 pollution, population exposed to levels exceeding WHO Interim Target-1 value (% of total)","EN.ATM.PM25.MC.T1.ZS","","","","","","","","","","","","","","","","","","","","","","","","","","","","","","","43.6925491","","","","","0","","","","","0","","","","","0","","","","","0","0","0","0","0","0","0","","",
"Luxembourg","LUX","PM2.5 pollution, population exposed to levels exceeding WHO Interim Target-1 value (% of total)","EN.ATM.PM25.MC.T1.ZS","","","","","","","","","","","","","","","","","","","","","","","","","","","","","","","0","","","","","0","","","","","0","","","","","0","","","","","0","0","0","0","0","0","0","","",
"Latvia","LVA","PM2.5 pollution, population exposed to levels exceeding WHO Interim Target-1 value (% of total)","EN.ATM.PM25.MC.T1.ZS","","","","","","","","","","","","","","","","","","","","","","","","","","","","","","","28.6596232","","","","","0","","","","","0","","","","","0","","","","","0","0","0","0","0","0","0","","",
"Macao SAR, China","MAC","PM2.5 pollution, population exposed to levels exceeding WHO Interim Target-1 value (% of total)","EN.ATM.PM25.MC.T1.ZS","","","","","","","","","","","","","","","","","","","","","","","","","","","","","","","","","","","","","","","","","","","","","","","","","","","","","","","","","","","",
"St. Martin (French part)","MAF","PM2.5 pollution, population exposed to levels exceeding WHO Interim Target-1 value (% of total)","EN.ATM.PM25.MC.T1.ZS","","","","","","","","","","","","","","","","","","","","","","","","","","","","","","","","","","","","","","","","","","","","","","","","","","","","","","","","","","","",
"Morocco","MAR","PM2.5 pollution, population exposed to levels exceeding WHO Interim Target-1 value (% of total)","EN.ATM.PM25.MC.T1.ZS","","","","","","","","","","","","","","","","","","","","","","","","","","","","","","","8.37145","","","","","7.9694971","","","","","6.8531711","","","","","5.1092853","","","","","3.849821","4.0745006","3.8385993","5.5670341","6.2050791","11.3258159","11.5669197","","",
"Monaco","MCO","PM2.5 pollution, population exposed to levels exceeding WHO Interim Target-1 value (% of total)","EN.ATM.PM25.MC.T1.ZS","","","","","","","","","","","","","","","","","","","","","","","","","","","","","","","","","","","","","","","","","","","","","","","","","","","","","","","","","","","",
"Moldova","MDA","PM2.5 pollution, population exposed to levels exceeding WHO Interim Target-1 value (% of total)","EN.ATM.PM25.MC.T1.ZS","","","","","","","","","","","","","","","","","","","","","","","","","","","","","","","99.5943934","","","","","0","","","","","0","","","","","0","","","","","0","0","0","0","0","0","0","","",
"Madagascar","MDG","PM2.5 pollution, population exposed to levels exceeding WHO Interim Target-1 value (% of total)","EN.ATM.PM25.MC.T1.ZS","","","","","","","","","","","","","","","","","","","","","","","","","","","","","","","6.4075047","","","","","6.3572496","","","","","6.1674371","","","","","4.93703","","","","","0","0","5.1766749","7.170018","8.5116674","12.2762608","12.9605918","","",
"Maldives","MDV","PM2.5 pollution, population exposed to levels exceeding WHO Interim Target-1 value (% of total)","EN.ATM.PM25.MC.T1.ZS","","","","","","","","","","","","","","","","","","","","","","","","","","","","","","","0","","","","","0","","","","","0","","","","","0","","","","","0","0","0","0","0","0","0","","",
"Middle East & North Africa","MEA","PM2.5 pollution, population exposed to levels exceeding WHO Interim Target-1 value (% of total)","EN.ATM.PM25.MC.T1.ZS","","","","","","","","","","","","","","","","","","","","","","","","","","","","","","","","","","","","","","","","","","","","","","","","","","","","","","","","","","","",
"Mexico","MEX","PM2.5 pollution, population exposed to levels exceeding WHO Interim Target-1 value (% of total)","EN.ATM.PM25.MC.T1.ZS","","","","","","","","","","","","","","","","","","","","","","","","","","","","","","","14.3773518","","","","","22.7229728","","","","","31.8498956","","","","","13.5700275","","","","","0","0.00183","1.3411491","0.0019","0.00194","0.2844823","0.2829421","","",
"Marshall Islands","MHL","PM2.5 pollution, population exposed to levels exceeding WHO Interim Target-1 value (% of total)","EN.ATM.PM25.MC.T1.ZS","","","","","","","","","","","","","","","","","","","","","","","","","","","","","","","0","","","","","0","","","","","0","","","","","0","","","","","0","0","0","0","0","0","0","","",
"Middle income","MIC","PM2.5 pollution, population exposed to levels exceeding WHO Interim Target-1 value (% of total)","EN.ATM.PM25.MC.T1.ZS","","","","","","","","","","","","","","","","","","","","","","","","","","","","","","","","","","","","","","","","","","","","","","","","","","","","","","","","","","","",
"North Macedonia","MKD","PM2.5 pollution, population exposed to levels exceeding WHO Interim Target-1 value (% of total)","EN.ATM.PM25.MC.T1.ZS","","","","","","","","","","","","","","","","","","","","","","","","","","","","","","","98.7878535","","","","","95.3601881","","","","","81.2621845","","","","","17.7884015","","","","","69.8048292","70.3398639","64.4488501","88.424231","96.6165367","41.3647679","35.0667334","","",
"Mali","MLI","PM2.5 pollution, population exposed to levels exceeding WHO Interim Target-1 value (% of total)","EN.ATM.PM25.MC.T1.ZS","","","","","","","","","","","","","","","","","","","","","","","","","","","","","","","100","","","","","100","","","","","100","","","","","100","","","","","100","100","100","100","99.8955123","100","100","","",
"Malta","MLT","PM2.5 pollution, population exposed to levels exceeding WHO Interim Target-1 value (% of total)","EN.ATM.PM25.MC.T1.ZS","","","","","","","","","","","","","","","","","","","","","","","","","","","","","","","0","","","","","0","","","","","0","","","","","0","","","","","0","0","0","0","0","0","0","","",
"Myanmar","MMR","PM2.5 pollution, population exposed to levels exceeding WHO Interim Target-1 value (% of total)","EN.ATM.PM25.MC.T1.ZS","","","","","","","","","","","","","","","","","","","","","","","","","","","","","","","99.6208997","","","","","99.619113","","","","","99.6642341","","","","","99.9508915","","","","","99.5698387","99.616718","99.881066","99.9327324","99.9347563","99.6245394","99.6150623","","",
"Middle East & North Africa (excluding high income)","MNA","PM2.5 pollution, population exposed to levels exceeding WHO Interim Target-1 value (% of total)","EN.ATM.PM25.MC.T1.ZS","","","","","","","","","","","","","","","","","","","","","","","","","","","","","","","","","","","","","","","","","","","","","","","","","","","","","","","","","","","",
"Montenegro","MNE","PM2.5 pollution, population exposed to levels exceeding WHO Interim Target-1 value (% of total)","EN.ATM.PM25.MC.T1.ZS","","","","","","","","","","","","","","","","","","","","","","","","","","","","","","","1.4795459","","","","","0","","","","","0","","","","","0","","","","","0","0","0","0.248427","0.2444281","0","0","","",
"Mongolia","MNG","PM2.5 pollution, population exposed to levels exceeding WHO Interim Target-1 value (% of total)","EN.ATM.PM25.MC.T1.ZS","","","","","","","","","","","","","","","","","","","","","","","","","","","","","","","0.8120901","","","","","0.8748421","","","","","8.8880748","","","","","9.4337807","","","","","11.4771321","11.5683655","11.1667304","11.3277091","18.6949297","37.0659417","39.1539143","","",
"Northern Mariana Islands","MNP","PM2.5 pollution, population exposed to levels exceeding WHO Interim Target-1 value (% of total)","EN.ATM.PM25.MC.T1.ZS","","","","","","","","","","","","","","","","","","","","","","","","","","","","","","","0","","","","","0","","","","","0","","","","","0","","","","","0","0","0","0","0","0","0","","",
"Mozambique","MOZ","PM2.5 pollution, population exposed to levels exceeding WHO Interim Target-1 value (% of total)","EN.ATM.PM25.MC.T1.ZS","","","","","","","","","","","","","","","","","","","","","","","","","","","","","","","6.1013815","","","","","6.6710754","","","","","9.5809048","","","","","10.711877","","","","","0.2845841","0.2876462","0.2906188","0.2935021","0","2.2724644","2.2377114","","",
"Mauritania","MRT","PM2.5 pollution, population exposed to levels exceeding WHO Interim Target-1 value (% of total)","EN.ATM.PM25.MC.T1.ZS","","","","","","","","","","","","","","","","","","","","","","","","","","","","","","","100","","","","","100","","","","","100","","","","","99.4637609","","","","","100","100","100","100","100","100","100","","",
"Mauritius","MUS","PM2.5 pollution, population exposed to levels exceeding WHO Interim Target-1 value (% of total)","EN.ATM.PM25.MC.T1.ZS","","","","","","","","","","","","","","","","","","","","","","","","","","","","","","","0","","","","","0","","","","","0","","","","","0","","","","","0","0","0","0","0","0","0","","",
"Malawi","MWI","PM2.5 pollution, population exposed to levels exceeding WHO Interim Target-1 value (% of total)","EN.ATM.PM25.MC.T1.ZS","","","","","","","","","","","","","","","","","","","","","","","","","","","","","","","25.6906357","","","","","20.3587386","","","","","21.5245697","","","","","19.270673","","","","","7.3606704","11.6555691","12.0506968","12.0995664","7.2476567","14.9535946","15.2201212","","",
"Malaysia","MYS","PM2.5 pollution, population exposed to levels exceeding WHO Interim Target-1 value (% of total)","EN.ATM.PM25.MC.T1.ZS","","","","","","","","","","","","","","","","","","","","","","","","","","","","","","","0","","","","","0","","","","","0","","","","","0","","","","","0","0","0","0","0","0","0","","",
"North America","NAC","PM2.5 pollution, population exposed to levels exceeding WHO Interim Target-1 value (% of total)","EN.ATM.PM25.MC.T1.ZS","","","","","","","","","","","","","","","","","","","","","","","","","","","","","","","","","","","","","","","","","","","","","","","","","","","","","","","","","","","",
"Namibia","NAM","PM2.5 pollution, population exposed to levels exceeding WHO Interim Target-1 value (% of total)","EN.ATM.PM25.MC.T1.ZS","","","","","","","","","","","","","","","","","","","","","","","","","","","","","","","33.2829537","","","","","26.589732","","","","","30.6648192","","","","","22.2608034","","","","","4.8703549","6.0896443","6.1097708","4.8985241","2.8112699","9.5558789","12.8762421","","",
"New Caledonia","NCL","PM2.5 pollution, population exposed to levels exceeding WHO Interim Target-1 value (% of total)","EN.ATM.PM25.MC.T1.ZS","","","","","","","","","","","","","","","","","","","","","","","","","","","","","","","","","","","","","","","","","","","","","","","","","","","","","","","","","","","",
"Niger","NER","PM2.5 pollution, population exposed to levels exceeding WHO Interim Target-1 value (% of total)","EN.ATM.PM25.MC.T1.ZS","","","","","","","","","","","","","","","","","","","","","","","","","","","","","","","100","","","","","100","","","","","100","","","","","100","","","","","100","100","100","100","100","100","100","","",
"Nigeria","NGA","PM2.5 pollution, population exposed to levels exceeding WHO Interim Target-1 value (% of total)","EN.ATM.PM25.MC.T1.ZS","","","","","","","","","","","","","","","","","","","","","","","","","","","","","","","100","","","","","100","","","","","99.9843698","","","","","91.2552785","","","","","83.4004086","88.1579735","83.4332299","82.6243552","82.1713507","99.9469769","99.9576635","","",
"Nicaragua","NIC","PM2.5 pollution, population exposed to levels exceeding WHO Interim Target-1 value (% of total)","EN.ATM.PM25.MC.T1.ZS","","","","","","","","","","","","","","","","","","","","","","","","","","","","","","","72.1953603","","","","","72.0865217","","","","","78.8258896","","","","","60.8019134","","","","","0","0","26.2294189","26.2446152","21.2073518","0","0","","",
"Netherlands","NLD","PM2.5 pollution, population exposed to levels exceeding WHO Interim Target-1 value (% of total)","EN.ATM.PM25.MC.T1.ZS","","","","","","","","","","","","","","","","","","","","","","","","","","","","","","","0","","","","","0","","","","","0","","","","","0","","","","","0","0","0","0","0","0","0","","",
"Norway","NOR","PM2.5 pollution, population exposed to levels exceeding WHO Interim Target-1 value (% of total)","EN.ATM.PM25.MC.T1.ZS","","","","","","","","","","","","","","","","","","","","","","","","","","","","","","","0","","","","","0","","","","","0","","","","","0","","","","","0","0","0","0","0","0","0","","",
"Nepal","NPL","PM2.5 pollution, population exposed to levels exceeding WHO Interim Target-1 value (% of total)","EN.ATM.PM25.MC.T1.ZS","","","","","","","","","","","","","","","","","","","","","","","","","","","","","","","85.6606074","","","","","86.4008715","","","","","85.1501512","","","","","93.930741","","","","","92.4935776","92.5693197","92.6085643","93.6840727","93.3796053","95.2994123","95.6083354","","",
"Nauru","NRU","PM2.5 pollution, population exposed to levels exceeding WHO Interim Target-1 value (% of total)","EN.ATM.PM25.MC.T1.ZS","","","","","","","","","","","","","","","","","","","","","","","","","","","","","","","","","","","","","","","","","","","","","","","","","","","","","","","","","","","",
"New Zealand","NZL","PM2.5 pollution, population exposed to levels exceeding WHO Interim Target-1 value (% of total)","EN.ATM.PM25.MC.T1.ZS","","","","","","","","","","","","","","","","","","","","","","","","","","","","","","","0","","","","","0","","","","","0","","","","","0","","","","","0","0","0","0","0","0","0","","",
"OECD members","OED","PM2.5 pollution, population exposed to levels exceeding WHO Interim Target-1 value (% of total)","EN.ATM.PM25.MC.T1.ZS","","","","","","","","","","","","","","","","","","","","","","","","","","","","","","","","","","","","","","","","","","","","","","","","","","","","","","","","","","","",
"Oman","OMN","PM2.5 pollution, population exposed to levels exceeding WHO Interim Target-1 value (% of total)","EN.ATM.PM25.MC.T1.ZS","","","","","","","","","","","","","","","","","","","","","","","","","","","","","","","100","","","","","100","","","","","100","","","","","100","","","","","100","100","100","100","100","100","100","","",
"Other small states","OSS","PM2.5 pollution, population exposed to levels exceeding WHO Interim Target-1 value (% of total)","EN.ATM.PM25.MC.T1.ZS","","","","","","","","","","","","","","","","","","","","","","","","","","","","","","","","","","","","","","","","","","","","","","","","","","","","","","","","","","","",
"Pakistan","PAK","PM2.5 pollution, population exposed to levels exceeding WHO Interim Target-1 value (% of total)","EN.ATM.PM25.MC.T1.ZS","","","","","","","","","","","","","","","","","","","","","","","","","","","","","","","95.0830783","","","","","94.4567795","","","","","97.0390395","","","","","92.7433563","","","","","94.8669161","95.5940751","95.7932748","96.4997689","96.5053209","98.0802379","98.1095629","","",
"Panama","PAN","PM2.5 pollution, population exposed to levels exceeding WHO Interim Target-1 value (% of total)","EN.ATM.PM25.MC.T1.ZS","","","","","","","","","","","","","","","","","","","","","","","","","","","","","","","0","","","","","0","","","","","0","","","","","0","","","","","0","0","0","0","0","0","0","","",
"Peru","PER","PM2.5 pollution, population exposed to levels exceeding WHO Interim Target-1 value (% of total)","EN.ATM.PM25.MC.T1.ZS","","","","","","","","","","","","","","","","","","","","","","","","","","","","","","","22.1636179","","","","","37.7888334","","","","","43.5021016","","","","","69.6936384","","","","","24.4687104","33.7221","34.4341498","28.5274601","26.6012817","24.2327282","24.4483088","","",
"Philippines","PHL","PM2.5 pollution, population exposed to levels exceeding WHO Interim Target-1 value (% of total)","EN.ATM.PM25.MC.T1.ZS","","","","","","","","","","","","","","","","","","","","","","","","","","","","","","","15.8284176","","","","","15.505045","","","","","15.4113981","","","","","30.8546541","","","","","11.8330004","11.7892053","9.6596409","11.6985419","10.8713536","5.8995876","2.9808258","","",
"Palau","PLW","PM2.5 pollution, population exposed to levels exceeding WHO Interim Target-1 value (% of total)","EN.ATM.PM25.MC.T1.ZS","","","","","","","","","","","","","","","","","","","","","","","","","","","","","","","","","","","","","","","","","","","","","","","","","","","","","","","","","","","",
"Papua New Guinea","PNG","PM2.5 pollution, population exposed to levels exceeding WHO Interim Target-1 value (% of total)","EN.ATM.PM25.MC.T1.ZS","","","","","","","","","","","","","","","","","","","","","","","","","","","","","","","0","","","","","0","","","","","0","","","","","0","","","","","0","0","0","0","0","0","0","","",
"Poland","POL","PM2.5 pollution, population exposed to levels exceeding WHO Interim Target-1 value (% of total)","EN.ATM.PM25.MC.T1.ZS","","","","","","","","","","","","","","","","","","","","","","","","","","","","","","","94.6923638","","","","","59.3463489","","","","","5.458503","","","","","4.7331648","","","","","10.219292","5.9979292","1.5608823","1.922895","2.683696","3.7143956","4.0248153","","",
"Pre-demographic dividend","PRE","PM2.5 pollution, population exposed to levels exceeding WHO Interim Target-1 value (% of total)","EN.ATM.PM25.MC.T1.ZS","","","","","","","","","","","","","","","","","","","","","","","","","","","","","","","","","","","","","","","","","","","","","","","","","","","","","","","","","","","",
"Puerto Rico","PRI","PM2.5 pollution, population exposed to levels exceeding WHO Interim Target-1 value (% of total)","EN.ATM.PM25.MC.T1.ZS","","","","","","","","","","","","","","","","","","","","","","","","","","","","","","","0","","","","","0","","","","","0","","","","","0","","","","","0","0","0","0","0","0","0","","",
"Korea, Dem. People’s Rep.","PRK","PM2.5 pollution, population exposed to levels exceeding WHO Interim Target-1 value (% of total)","EN.ATM.PM25.MC.T1.ZS","","","","","","","","","","","","","","","","","","","","","","","","","","","","","","","50.4158315","","","","","49.8838398","","","","","50.5838879","","","","","54.5903221","","","","","51.421757","38.9712208","46.9379118","57.3092366","63.6580511","79.9115962","79.9978236","","",
"Portugal","PRT","PM2.5 pollution, population exposed to levels exceeding WHO Interim Target-1 value (% of total)","EN.ATM.PM25.MC.T1.ZS","","","","","","","","","","","","","","","","","","","","","","","","","","","","","","","0","","","","","0","","","","","0","","","","","0","","","","","0","0","0","0","0","0","0","","",
"Paraguay","PRY","PM2.5 pollution, population exposed to levels exceeding WHO Interim Target-1 value (% of total)","EN.ATM.PM25.MC.T1.ZS","","","","","","","","","","","","","","","","","","","","","","","","","","","","","","","0.010018","","","","","0.0102488","","","","","0.00765","","","","","0.00814","","","","","0","0","0","0","0","0","0","","",
"West Bank and Gaza","PSE","PM2.5 pollution, population exposed to levels exceeding WHO Interim Target-1 value (% of total)","EN.ATM.PM25.MC.T1.ZS","","","","","","","","","","","","","","","","","","","","","","","","","","","","","","","0","","","","","0","","","","","0","","","","","0","","","","","1.0781792","1.0762317","1.0742776","1.0723049","1.0703038","1.068266","1.0661923","","",
"Pacific island small states","PSS","PM2.5 pollution, population exposed to levels exceeding WHO Interim Target-1 value (% of total)","EN.ATM.PM25.MC.T1.ZS","","","","","","","","","","","","","","","","","","","","","","","","","","","","","","","","","","","","","","","","","","","","","","","","","","","","","","","","","","","",
"Post-demographic dividend","PST","PM2.5 pollution, population exposed to levels exceeding WHO Interim Target-1 value (% of total)","EN.ATM.PM25.MC.T1.ZS","","","","","","","","","","","","","","","","","","","","","","","","","","","","","","","","","","","","","","","","","","","","","","","","","","","","","","","","","","","",
"French Polynesia","PYF","PM2.5 pollution, population exposed to levels exceeding WHO Interim Target-1 value (% of total)","EN.ATM.PM25.MC.T1.ZS","","","","","","","","","","","","","","","","","","","","","","","","","","","","","","","","","","","","","","","","","","","","","","","","","","","","","","","","","","","",
"Qatar","QAT","PM2.5 pollution, population exposed to levels exceeding WHO Interim Target-1 value (% of total)","EN.ATM.PM25.MC.T1.ZS","","","","","","","","","","","","","","","","","","","","","","","","","","","","","","","100","","","","","100","","","","","100","","","","","100","","","","","100","100","100","100","100","100","100","","",
"Romania","ROU","PM2.5 pollution, population exposed to levels exceeding WHO Interim Target-1 value (% of total)","EN.ATM.PM25.MC.T1.ZS","","","","","","","","","","","","","","","","","","","","","","","","","","","","","","","50.0605495","","","","","5.9876323","","","","","0","","","","","0","","","","","0","0","0","0","0","0","0","","",
"Russian Federation","RUS","PM2.5 pollution, population exposed to levels exceeding WHO Interim Target-1 value (% of total)","EN.ATM.PM25.MC.T1.ZS","","","","","","","","","","","","","","","","","","","","","","","","","","","","","","","11.2383952","","","","","0","","","","","0","","","","","0","","","","","0","0","0","0","0","0.7616545","0.8117949","","",
"Rwanda","RWA","PM2.5 pollution, population exposed to levels exceeding WHO Interim Target-1 value (% of total)","EN.ATM.PM25.MC.T1.ZS","","","","","","","","","","","","","","","","","","","","","","","","","","","","","","","99.9984762","","","","","99.9983177","","","","","99.9995144","","","","","99.9973134","","","","","99.8298382","99.997198","99.9995536","99.9995584","99.9995634","99.9995689","99.9995747","","",
"South Asia","SAS","PM2.5 pollution, population exposed to levels exceeding WHO Interim Target-1 value (% of total)","EN.ATM.PM25.MC.T1.ZS","","","","","","","","","","","","","","","","","","","","","","","","","","","","","","","","","","","","","","","","","","","","","","","","","","","","","","","","","","","",
"Saudi Arabia","SAU","PM2.5 pollution, population exposed to levels exceeding WHO Interim Target-1 value (% of total)","EN.ATM.PM25.MC.T1.ZS","","","","","","","","","","","","","","","","","","","","","","","","","","","","","","","100","","","","","100","","","","","100","","","","","100","","","","","100","100","100","100","100","100","100","","",
"Sudan","SDN","PM2.5 pollution, population exposed to levels exceeding WHO Interim Target-1 value (% of total)","EN.ATM.PM25.MC.T1.ZS","","","","","","","","","","","","","","","","","","","","","","","","","","","","","","","100","","","","","100","","","","","99.9924079","","","","","99.7303492","","","","","100","100","100","99.9822622","99.9795042","100","100","","",
"Senegal","SEN","PM2.5 pollution, population exposed to levels exceeding WHO Interim Target-1 value (% of total)","EN.ATM.PM25.MC.T1.ZS","","","","","","","","","","","","","","","","","","","","","","","","","","","","","","","79.1702398","","","","","79.302733","","","","","79.0702923","","","","","26.4611255","","","","","57.2838638","65.2377887","61.8077549","68.5639459","67.2891668","99.5780939","99.9571678","","",
"Singapore","SGP","PM2.5 pollution, population exposed to levels exceeding WHO Interim Target-1 value (% of total)","EN.ATM.PM25.MC.T1.ZS","","","","","","","","","","","","","","","","","","","","","","","","","","","","","","","0","","","","","0","","","","","0","","","","","0","","","","","0","0","0","0","0","0","0","","",
"Solomon Islands","SLB","PM2.5 pollution, population exposed to levels exceeding WHO Interim Target-1 value (% of total)","EN.ATM.PM25.MC.T1.ZS","","","","","","","","","","","","","","","","","","","","","","","","","","","","","","","0","","","","","0","","","","","0","","","","","0","","","","","0","0","0","0","0","0","0","","",
"Sierra Leone","SLE","PM2.5 pollution, population exposed to levels exceeding WHO Interim Target-1 value (% of total)","EN.ATM.PM25.MC.T1.ZS","","","","","","","","","","","","","","","","","","","","","","","","","","","","","","","0","","","","","0","","","","","0","","","","","0","","","","","0","0","0","0","0","99.9660239","99.9660071","","",
"El Salvador","SLV","PM2.5 pollution, population exposed to levels exceeding WHO Interim Target-1 value (% of total)","EN.ATM.PM25.MC.T1.ZS","","","","","","","","","","","","","","","","","","","","","","","","","","","","","","","99.0800775","","","","","99.6307657","","","","","100","","","","","99.1428943","","","","","48.2566564","74.8857136","98.4396221","94.9258694","95.9026527","71.4595592","69.7012828","","",
"San Marino","SMR","PM2.5 pollution, population exposed to levels exceeding WHO Interim Target-1 value (% of total)","EN.ATM.PM25.MC.T1.ZS","","","","","","","","","","","","","","","","","","","","","","","","","","","","","","","","","","","","","","","","","","","","","","","","","","","","","","","","","","","",
"Somalia","SOM","PM2.5 pollution, population exposed to levels exceeding WHO Interim Target-1 value (% of total)","EN.ATM.PM25.MC.T1.ZS","","","","","","","","","","","","","","","","","","","","","","","","","","","","","","","6.9553691","","","","","6.4476849","","","","","6.5184596","","","","","5.0785024","","","","","1.5251872","1.3631819","6.3245195","6.8450668","7.4754681","9.8254176","9.8284645","","",
"Serbia","SRB","PM2.5 pollution, population exposed to levels exceeding WHO Interim Target-1 value (% of total)","EN.ATM.PM25.MC.T1.ZS","","","","","","","","","","","","","","","","","","","","","","","","","","","","","","","3.9541544","","","","","0.1954513","","","","","0.1342508","","","","","0","","","","","0.1517138","0.1534302","0.1551378","0.1568351","0.1693769","0.160192","0.1618485","","",
"Sub-Saharan Africa (excluding high income)","SSA","PM2.5 pollution, population exposed to levels exceeding WHO Interim Target-1 value (% of total)","EN.ATM.PM25.MC.T1.ZS","","","","","","","","","","","","","","","","","","","","","","","","","","","","","","","","","","","","","","","","","","","","","","","","","","","","","","","","","","","",
"South Sudan","SSD","PM2.5 pollution, population exposed to levels exceeding WHO Interim Target-1 value (% of total)","EN.ATM.PM25.MC.T1.ZS","","","","","","","","","","","","","","","","","","","","","","","","","","","","","","","92.5698816","","","","","92.8931572","","","","","95.0624005","","","","","64.4388237","","","","","66.6515555","75.1323506","82.919216","71.1841153","62.6309802","99.8155278","99.8150543","","",
"Sub-Saharan Africa","SSF","PM2.5 pollution, population exposed to levels exceeding WHO Interim Target-1 value (% of total)","EN.ATM.PM25.MC.T1.ZS","","","","","","","","","","","","","","","","","","","","","","","","","","","","","","","","","","","","","","","","","","","","","","","","","","","","","","","","","","","",
"Small states","SST","PM2.5 pollution, population exposed to levels exceeding WHO Interim Target-1 value (% of total)","EN.ATM.PM25.MC.T1.ZS","","","","","","","","","","","","","","","","","","","","","","","","","","","","","","","","","","","","","","","","","","","","","","","","","","","","","","","","","","","",
"Sao Tome and Principe","STP","PM2.5 pollution, population exposed to levels exceeding WHO Interim Target-1 value (% of total)","EN.ATM.PM25.MC.T1.ZS","","","","","","","","","","","","","","","","","","","","","","","","","","","","","","","0","","","","","0","","","","","0","","","","","0","","","","","0","0","0","0","0","0","0","","",
"Suriname","SUR","PM2.5 pollution, population exposed to levels exceeding WHO Interim Target-1 value (% of total)","EN.ATM.PM25.MC.T1.ZS","","","","","","","","","","","","","","","","","","","","","","","","","","","","","","","24.5247741","","","","","25.5448523","","","","","25.7535303","","","","","0","","","","","0","0","0","0","0","0","0","","",
"Slovak Republic","SVK","PM2.5 pollution, population exposed to levels exceeding WHO Interim Target-1 value (% of total)","EN.ATM.PM25.MC.T1.ZS","","","","","","","","","","","","","","","","","","","","","","","","","","","","","","","78.5960781","","","","","6.4278206","","","","","0","","","","","0","","","","","0","0","0","0","0","0","0","","",
"Slovenia","SVN","PM2.5 pollution, population exposed to levels exceeding WHO Interim Target-1 value (% of total)","EN.ATM.PM25.MC.T1.ZS","","","","","","","","","","","","","","","","","","","","","","","","","","","","","","","0","","","","","0","","","","","0","","","","","0","","","","","0","0","0","0","0","0","0","","",
"Sweden","SWE","PM2.5 pollution, population exposed to levels exceeding WHO Interim Target-1 value (% of total)","EN.ATM.PM25.MC.T1.ZS","","","","","","","","","","","","","","","","","","","","","","","","","","","","","","","0","","","","","0","","","","","0","","","","","0","","","","","0","0","0","0","0","0","0","","",
"Eswatini","SWZ","PM2.5 pollution, population exposed to levels exceeding WHO Interim Target-1 value (% of total)","EN.ATM.PM25.MC.T1.ZS","","","","","","","","","","","","","","","","","","","","","","","","","","","","","","","0","","","","","0","","","","","8.384515","","","","","8.5927488","","","","","0","0","0","0","0","0","0","","",
"Sint Maarten (Dutch part)","SXM","PM2.5 pollution, population exposed to levels exceeding WHO Interim Target-1 value (% of total)","EN.ATM.PM25.MC.T1.ZS","","","","","","","","","","","","","","","","","","","","","","","","","","","","","","","","","","","","","","","","","","","","","","","","","","","","","","","","","","","",
"Seychelles","SYC","PM2.5 pollution, population exposed to levels exceeding WHO Interim Target-1 value (% of total)","EN.ATM.PM25.MC.T1.ZS","","","","","","","","","","","","","","","","","","","","","","","","","","","","","","","0","","","","","0","","","","","0","","","","","0","","","","","0","0","0","0","0","0","0","","",
"Syrian Arab Republic","SYR","PM2.5 pollution, population exposed to levels exceeding WHO Interim Target-1 value (% of total)","EN.ATM.PM25.MC.T1.ZS","","","","","","","","","","","","","","","","","","","","","","","","","","","","","","","59.0364982","","","","","49.8754805","","","","","53.0637702","","","","","33.9291458","","","","","95.8557189","84.1426291","79.5551937","97.9438918","99.8298255","99.9596963","99.9599202","","",
"Turks and Caicos Islands","TCA","PM2.5 pollution, population exposed to levels exceeding WHO Interim Target-1 value (% of total)","EN.ATM.PM25.MC.T1.ZS","","","","","","","","","","","","","","","","","","","","","","","","","","","","","","","","","","","","","","","","","","","","","","","","","","","","","","","","","","","",
"Chad","TCD","PM2.5 pollution, population exposed to levels exceeding WHO Interim Target-1 value (% of total)","EN.ATM.PM25.MC.T1.ZS","","","","","","","","","","","","","","","","","","","","","","","","","","","","","","","99.8304344","","","","","99.7729246","","","","","99.7850781","","","","","99.7432089","","","","","99.4838949","99.4763681","99.6567688","97.7337158","94.6196584","99.9372473","99.9343236","","",
"East Asia & Pacific (IDA & IBRD countries)","TEA","PM2.5 pollution, population exposed to levels exceeding WHO Interim Target-1 value (% of total)","EN.ATM.PM25.MC.T1.ZS","","","","","","","","","","","","","","","","","","","","","","","","","","","","","","","","","","","","","","","","","","","","","","","","","","","","","","","","","","","",
"Europe & Central Asia (IDA & IBRD countries)","TEC","PM2.5 pollution, population exposed to levels exceeding WHO Interim Target-1 value (% of total)","EN.ATM.PM25.MC.T1.ZS","","","","","","","","","","","","","","","","","","","","","","","","","","","","","","","","","","","","","","","","","","","","","","","","","","","","","","","","","","","",
"Togo","TGO","PM2.5 pollution, population exposed to levels exceeding WHO Interim Target-1 value (% of total)","EN.ATM.PM25.MC.T1.ZS","","","","","","","","","","","","","","","","","","","","","","","","","","","","","","","100","","","","","100","","","","","100","","","","","98.6994695","","","","","98.9624973","99.1942938","99.8432797","99.2010047","94.2534618","100","100","","",
"Thailand","THA","PM2.5 pollution, population exposed to levels exceeding WHO Interim Target-1 value (% of total)","EN.ATM.PM25.MC.T1.ZS","","","","","","","","","","","","","","","","","","","","","","","","","","","","","","","0.1156816","","","","","0.6517402","","","","","0.5663448","","","","","0.1262129","","","","","0.1196055","0.1239342","0.1239567","0.9246915","0.9443514","0.1091489","0.1091119","","",
"Tajikistan","TJK","PM2.5 pollution, population exposed to levels exceeding WHO Interim Target-1 value (% of total)","EN.ATM.PM25.MC.T1.ZS","","","","","","","","","","","","","","","","","","","","","","","","","","","","","","","98.4685001","","","","","97.8800768","","","","","97.5714283","","","","","96.5020819","","","","","97.3042746","97.4400713","97.7269491","97.6996301","98.0729497","97.8725261","97.900961","","",
"Turkmenistan","TKM","PM2.5 pollution, population exposed to levels exceeding WHO Interim Target-1 value (% of total)","EN.ATM.PM25.MC.T1.ZS","","","","","","","","","","","","","","","","","","","","","","","","","","","","","","","97.5970996","","","","","86.2908642","","","","","84.0104081","","","","","0.4127569","","","","","37.4199044","13.6836645","17.5645995","29.8775953","32.8284434","85.4762638","86.6990459","","",
"Latin America & the Caribbean (IDA & IBRD countries)","TLA","PM2.5 pollution, population exposed to levels exceeding WHO Interim Target-1 value (% of total)","EN.ATM.PM25.MC.T1.ZS","","","","","","","","","","","","","","","","","","","","","","","","","","","","","","","","","","","","","","","","","","","","","","","","","","","","","","","","","","","",
"Timor-Leste","TLS","PM2.5 pollution, population exposed to levels exceeding WHO Interim Target-1 value (% of total)","EN.ATM.PM25.MC.T1.ZS","","","","","","","","","","","","","","","","","","","","","","","","","","","","","","","0","","","","","0","","","","","0","","","","","0","","","","","0","0","0","0","0","0","0","","",
"Middle East & North Africa (IDA & IBRD countries)","TMN","PM2.5 pollution, population exposed to levels exceeding WHO Interim Target-1 value (% of total)","EN.ATM.PM25.MC.T1.ZS","","","","","","","","","","","","","","","","","","","","","","","","","","","","","","","","","","","","","","","","","","","","","","","","","","","","","","","","","","","",
"Tonga","TON","PM2.5 pollution, population exposed to levels exceeding WHO Interim Target-1 value (% of total)","EN.ATM.PM25.MC.T1.ZS","","","","","","","","","","","","","","","","","","","","","","","","","","","","","","","0","","","","","0","","","","","0","","","","","0","","","","","0","0","0","0","0","0","0","","",
"South Asia (IDA & IBRD)","TSA","PM2.5 pollution, population exposed to levels exceeding WHO Interim Target-1 value (% of total)","EN.ATM.PM25.MC.T1.ZS","","","","","","","","","","","","","","","","","","","","","","","","","","","","","","","","","","","","","","","","","","","","","","","","","","","","","","","","","","","",
"Sub-Saharan Africa (IDA & IBRD countries)","TSS","PM2.5 pollution, population exposed to levels exceeding WHO Interim Target-1 value (% of total)","EN.ATM.PM25.MC.T1.ZS","","","","","","","","","","","","","","","","","","","","","","","","","","","","","","","","","","","","","","","","","","","","","","","","","","","","","","","","","","","",
"Trinidad and Tobago","TTO","PM2.5 pollution, population exposed to levels exceeding WHO Interim Target-1 value (% of total)","EN.ATM.PM25.MC.T1.ZS","","","","","","","","","","","","","","","","","","","","","","","","","","","","","","","0","","","","","0","","","","","0","","","","","0","","","","","0","0","0","0","0","0","0","","",
"Tunisia","TUN","PM2.5 pollution, population exposed to levels exceeding WHO Interim Target-1 value (% of total)","EN.ATM.PM25.MC.T1.ZS","","","","","","","","","","","","","","","","","","","","","","","","","","","","","","","65.383172","","","","","61.4256183","","","","","63.3520684","","","","","19.684525","","","","","47.6726813","38.9652955","39.497705","50.2112016","64.9958976","50.6428435","48.5858952","","",
"Turkey","TUR","PM2.5 pollution, population exposed to levels exceeding WHO Interim Target-1 value (% of total)","EN.ATM.PM25.MC.T1.ZS","","","","","","","","","","","","","","","","","","","","","","","","","","","","","","","52.487913","","","","","21.0010228","","","","","31.5819751","","","","","11.9462135","","","","","47.5573393","45.9298547","30.7313246","55.6785015","63.3978709","70.4824918","70.5820615","","",
"Tuvalu","TUV","PM2.5 pollution, population exposed to levels exceeding WHO Interim Target-1 value (% of total)","EN.ATM.PM25.MC.T1.ZS","","","","","","","","","","","","","","","","","","","","","","","","","","","","","","","","","","","","","","","","","","","","","","","","","","","","","","","","","","","",
"Tanzania","TZA","PM2.5 pollution, population exposed to levels exceeding WHO Interim Target-1 value (% of total)","EN.ATM.PM25.MC.T1.ZS","","","","","","","","","","","","","","","","","","","","","","","","","","","","","","","3.4385335","","","","","3.884455","","","","","6.644216","","","","","1.8876614","","","","","0.5370727","4.4207802","9.084016","9.4617937","8.9358491","9.4381422","9.4477427","","",
"Uganda","UGA","PM2.5 pollution, population exposed to levels exceeding WHO Interim Target-1 value (% of total)","EN.ATM.PM25.MC.T1.ZS","","","","","","","","","","","","","","","","","","","","","","","","","","","","","","","99.6952994","","","","","99.7470312","","","","","99.8221194","","","","","98.8496743","","","","","99.7524228","99.9599019","99.9577576","99.9542977","99.950085","99.9890246","99.98897","","",
"Ukraine","UKR","PM2.5 pollution, population exposed to levels exceeding WHO Interim Target-1 value (% of total)","EN.ATM.PM25.MC.T1.ZS","","","","","","","","","","","","","","","","","","","","","","","","","","","","","","","71.9634048","","","","","1.8353312","","","","","0.1541242","","","","","0","","","","","0","0","0","0","0","0","0","","",
"Upper middle income","UMC","PM2.5 pollution, population exposed to levels exceeding WHO Interim Target-1 value (% of total)","EN.ATM.PM25.MC.T1.ZS","","","","","","","","","","","","","","","","","","","","","","","","","","","","","","","","","","","","","","","","","","","","","","","","","","","","","","","","","","","",
"Uruguay","URY","PM2.5 pollution, population exposed to levels exceeding WHO Interim Target-1 value (% of total)","EN.ATM.PM25.MC.T1.ZS","","","","","","","","","","","","","","","","","","","","","","","","","","","","","","","0","","","","","0","","","","","0","","","","","0","","","","","0","0","0","0","0","0","0","","",
"United States","USA","PM2.5 pollution, population exposed to levels exceeding WHO Interim Target-1 value (% of total)","EN.ATM.PM25.MC.T1.ZS","","","","","","","","","","","","","","","","","","","","","","","","","","","","","","","0.00589","","","","","0.00581","","","","","0.0430139","","","","","0","","","","","0","0","0","0","0","0","0","","",
"Uzbekistan","UZB","PM2.5 pollution, population exposed to levels exceeding WHO Interim Target-1 value (% of total)","EN.ATM.PM25.MC.T1.ZS","","","","","","","","","","","","","","","","","","","","","","","","","","","","","","","98.8641568","","","","","92.3761304","","","","","86.0832457","","","","","56.4824003","","","","","75.5544517","65.9421147","64.8083609","66.0501255","74.8549064","93.0636272","93.4311935","","",
"St. Vincent and the Grenadines","VCT","PM2.5 pollution, population exposed to levels exceeding WHO Interim Target-1 value (% of total)","EN.ATM.PM25.MC.T1.ZS","","","","","","","","","","","","","","","","","","","","","","","","","","","","","","","0","","","","","0","","","","","0","","","","","0","","","","","0","0","0","0","0","0","0","","",
"Venezuela, RB","VEN","PM2.5 pollution, population exposed to levels exceeding WHO Interim Target-1 value (% of total)","EN.ATM.PM25.MC.T1.ZS","","","","","","","","","","","","","","","","","","","","","","","","","","","","","","","60.8315126","","","","","22.8377356","","","","","53.1735176","","","","","27.6597654","","","","","1.9988232","3.1390821","3.0613506","5.0799628","5.3549125","7.3129925","6.9589657","","",
"British Virgin Islands","VGB","PM2.5 pollution, population exposed to levels exceeding WHO Interim Target-1 value (% of total)","EN.ATM.PM25.MC.T1.ZS","","","","","","","","","","","","","","","","","","","","","","","","","","","","","","","","","","","","","","","","","","","","","","","","","","","","","","","","","","","",
"Virgin Islands (U.S.)","VIR","PM2.5 pollution, population exposed to levels exceeding WHO Interim Target-1 value (% of total)","EN.ATM.PM25.MC.T1.ZS","","","","","","","","","","","","","","","","","","","","","","","","","","","","","","","0","","","","","0","","","","","0","","","","","0","","","","","0","0","0","0","0","0","0","","",
"Vietnam","VNM","PM2.5 pollution, population exposed to levels exceeding WHO Interim Target-1 value (% of total)","EN.ATM.PM25.MC.T1.ZS","","","","","","","","","","","","","","","","","","","","","","","","","","","","","","","35.6198228","","","","","36.4185512","","","","","36.8782126","","","","","40.8412227","","","","","34.3423301","35.4792796","35.4883118","37.6106764","38.4182683","29.5004672","28.7302446","","",
"Vanuatu","VUT","PM2.5 pollution, population exposed to levels exceeding WHO Interim Target-1 value (% of total)","EN.ATM.PM25.MC.T1.ZS","","","","","","","","","","","","","","","","","","","","","","","","","","","","","","","0","","","","","0","","","","","0","","","","","0","","","","","0","0","0","0","0","0","0","","",
"World","WLD","PM2.5 pollution, population exposed to levels exceeding WHO Interim Target-1 value (% of total)","EN.ATM.PM25.MC.T1.ZS","","","","","","","","","","","","","","","","","","","","","","","","","","","","","","","","","","","","","","","","","","","","","","","","","","","","","","","","","","","",
"Samoa","WSM","PM2.5 pollution, population exposed to levels exceeding WHO Interim Target-1 value (% of total)","EN.ATM.PM25.MC.T1.ZS","","","","","","","","","","","","","","","","","","","","","","","","","","","","","","","0","","","","","0","","","","","0","","","","","0","","","","","0","0","0","0","0","0","0","","",
"Kosovo","XKX","PM2.5 pollution, population exposed to levels exceeding WHO Interim Target-1 value (% of total)","EN.ATM.PM25.MC.T1.ZS","","","","","","","","","","","","","","","","","","","","","","","","","","","","","","","","","","","","","","","","","","","","","","","","","","","","","","","","","","","",
"Yemen, Rep.","YEM","PM2.5 pollution, population exposed to levels exceeding WHO Interim Target-1 value (% of total)","EN.ATM.PM25.MC.T1.ZS","","","","","","","","","","","","","","","","","","","","","","","","","","","","","","","100","","","","","100","","","","","100","","","","","99.1994391","","","","","100","100","100","100","100","100","100","","",
"South Africa","ZAF","PM2.5 pollution, population exposed to levels exceeding WHO Interim Target-1 value (% of total)","EN.ATM.PM25.MC.T1.ZS","","","","","","","","","","","","","","","","","","","","","","","","","","","","","","","61.4010302","","","","","64.0086849","","","","","67.7376827","","","","","57.8808632","","","","","33.6466875","33.3881749","32.0098875","32.3583902","32.6811821","54.9282982","56.0664379","","",
"Zambia","ZMB","PM2.5 pollution, population exposed to levels exceeding WHO Interim Target-1 value (% of total)","EN.ATM.PM25.MC.T1.ZS","","","","","","","","","","","","","","","","","","","","","","","","","","","","","","","48.2673477","","","","","35.2374697","","","","","36.6006275","","","","","26.8989838","","","","","19.3288949","23.0120943","25.6195935","25.4196786","24.9194041","40.5085051","41.5241462","","",
"Zimbabwe","ZWE","PM2.5 pollution, population exposed to levels exceeding WHO Interim Target-1 value (% of total)","EN.ATM.PM25.MC.T1.ZS","","","","","","","","","","","","","","","","","","","","","","","","","","","","","","","20.6041996","","","","","10.8903545","","","","","13.9322413","","","","","14.3977385","","","","","2.0036136","6.8739964","7.1703619","11.2665895","6.7217887","11.2554754","12.3339419","","",
